{
  "version": 1,
  "author": "Anonymous maker",
  "editor": "wokwi",
  "parts": [
    { "type": "wokwi-esp32-devkit-v1", "id": "esp", "top": 0, "left": 0, "attrs": {} },
    { "type": "wokwi-dht22", "id": "dht1", "top": -91.37, "left": -197.83, "attrs": {} }
  ],
  "connections": [
    [ "esp:TX0", "$serialMonitor:RX", "", [] ],
    [ "esp:RX0", "$serialMonitor:TX", "", [] ],
    [ "dht1:GND", "esp:GND.2", "black", [ "v126.84", "h152" ] ],
    [ "dht1:VCC", "esp:3V3", "red", [ "v135.51", "h290.66" ] ],
    [ "dht1:SDA", "esp:D13", "green", [ "v0" ] ]
  ]
}